"species","filter","methodPA","nPA","initial","cleaned","x","y","min_geom","AUC","TSS","OUC","boyce","COI"
"Arbutusunedo","control","disk","1000",-0.372096328381414,-0.390439440053786,-0.141355763439013,-0.455987859932892,-0.45573592141847,0.994426315789474,0.977342105263158,0.0251098817947342,0.767926988265971,NA
"Arbutusunedo","control","disk","Npresences",-0.372096328381414,-0.390439440053786,-0.141355763439013,-0.455987859932892,-0.45573592141847,0.981268539325843,0.954782771535581,0.0438946876765811,0.737940026075619,NA
"Arbutusunedo","control","random","1000",-0.372096328381414,-0.390439440053786,-0.141355763439013,-0.455987859932892,-0.45573592141847,0.951837606837607,0.836688034188034,0.0285796641650889,0.696870925684485,NA
"Arbutusunedo","control","random","Npresences",-0.372096328381414,-0.390439440053786,-0.141355763439013,-0.455987859932892,-0.45573592141847,0.93355871886121,0.810003558718861,0.0487369445620896,0.744458930899609,NA
"Arbutusunedo","country","disk","1000",-0.372096328381414,-0.390439440053786,-0.141355763439013,-0.455987859932892,-0.45573592141847,0.994051037344398,0.977982987551867,0.0517202747562023,0.723598435462842,NA
"Arbutusunedo","country","disk","Npresences",-0.372096328381414,-0.390439440053786,-0.141355763439013,-0.455987859932892,-0.45573592141847,0.97382037037037,0.941829259259259,0.0768124099742293,0.655801825293351,NA
"Arbutusunedo","country","random","1000",-0.372096328381414,-0.390439440053786,-0.141355763439013,-0.455987859932892,-0.45573592141847,0.904265060240964,0.712863453815261,0.0543406166880968,0.743155149934811,NA
"Arbutusunedo","country","random","Npresences",-0.372096328381414,-0.390439440053786,-0.141355763439013,-0.455987859932892,-0.45573592141847,0.910710344827586,0.726606896551724,0.0351919515464019,0.739243807040417,NA
"Arbutusunedo","pixel","disk","1000",-0.372096328381414,-0.390439440053786,-0.141355763439013,-0.455987859932892,-0.45573592141847,0.996024657534247,0.979849315068493,0.0260775057240875,0.596479791395046,NA
"Arbutusunedo","pixel","disk","Npresences",-0.372096328381414,-0.390439440053786,-0.141355763439013,-0.455987859932892,-0.45573592141847,0.9773625,0.946864285714286,0.0510953339568225,0.567796610169492,NA
"Arbutusunedo","pixel","random","1000",-0.372096328381414,-0.390439440053786,-0.141355763439013,-0.455987859932892,-0.45573592141847,0.941777777777778,0.803583333333333,0.0377702134053068,0.63102998696219,NA
"Arbutusunedo","pixel","random","Npresences",-0.372096328381414,-0.390439440053786,-0.141355763439013,-0.455987859932892,-0.45573592141847,0.922666666666667,0.77831,0.0303978172799397,0.655149934810952,NA
"Coremaalbum","control","disk","1000",-0.877398920454565,-0.809304826316037,-3.41479541251381,-1.07590223428703,-2.26326633977269,0.985008480565371,0.964938869257951,0.000526626941916433,0.0573663624511082,NA
"Coremaalbum","control","disk","Npresences",-0.877398920454565,-0.809304826316037,-3.41479541251381,-1.07590223428703,-2.26326633977269,0.984173484848485,0.962204166666667,0.0104879002098016,0.386571056062581,NA
"Coremaalbum","control","random","1000",-0.877398920454565,-0.809304826316037,-3.41479541251381,-1.07590223428703,-2.26326633977269,0.971728965517241,0.930387931034483,0.00266944442327436,0.0488917861799218,NA
"Coremaalbum","control","random","Npresences",-0.877398920454565,-0.809304826316037,-3.41479541251381,-1.07590223428703,-2.26326633977269,0.974364444444444,0.936531111111111,0.00535342361949597,0.186440677966102,NA
"Coremaalbum","country","disk","1000",-0.877398920454565,-0.809304826316037,-3.41479541251381,-1.07590223428703,-2.26326633977269,0.980833203125,0.951951953125,0.000544264643919835,0.00260756192959583,NA
"Coremaalbum","country","disk","Npresences",-0.877398920454565,-0.809304826316037,-3.41479541251381,-1.07590223428703,-2.26326633977269,0.976660594795539,0.941474721189591,0.00765987978055214,0.24380704041721,NA
"Coremaalbum","country","random","1000",-0.877398920454565,-0.809304826316037,-3.41479541251381,-1.07590223428703,-2.26326633977269,0.96782936802974,0.920098513011152,0.00746205444388434,0.240547588005215,NA
"Coremaalbum","country","random","Npresences",-0.877398920454565,-0.809304826316037,-3.41479541251381,-1.07590223428703,-2.26326633977269,0.956317910447761,0.890956343283582,0.00926670709547332,0.223598435462842,NA
"Coremaalbum","pixel","disk","1000",-0.877398920454565,-0.809304826316037,-3.41479541251381,-1.07590223428703,-2.26326633977269,0.984675636363636,0.962933818181818,1e-04,1e-04,NA
"Coremaalbum","pixel","disk","Npresences",-0.877398920454565,-0.809304826316037,-3.41479541251381,-1.07590223428703,-2.26326633977269,0.977374827586207,0.946572413793103,0.00692954826796677,0.220338983050847,NA
"Coremaalbum","pixel","random","1000",-0.877398920454565,-0.809304826316037,-3.41479541251381,-1.07590223428703,-2.26326633977269,0.96586462585034,0.919584693877551,0.00268441469503651,0.114732724902216,NA
"Coremaalbum","pixel","random","Npresences",-0.877398920454565,-0.809304826316037,-3.41479541251381,-1.07590223428703,-2.26326633977269,0.965226333333333,0.916316333333333,0.00830888188945516,0.160365058670143,NA
"Cornussangui","control","disk","1000",1.01906090101726,0.880051444343207,0.770127929737947,0.740219621925114,0.46136194098743,0.996242922374429,0.978862557077626,0.367851423046815,0.697522816166884,NA
"Cornussangui","control","disk","Npresences",1.01906090101726,0.880051444343207,0.770127929737947,0.740219621925114,0.46136194098743,0.970821978021978,0.932106593406593,0.383297150640129,0.860495436766623,NA
"Cornussangui","control","random","1000",1.01906090101726,0.880051444343207,0.770127929737947,0.740219621925114,0.46136194098743,0.941143540669856,0.754425837320574,0.212342798537159,0.720338983050847,NA
"Cornussangui","control","random","Npresences",1.01906090101726,0.880051444343207,0.770127929737947,0.740219621925114,0.46136194098743,0.915653284671533,0.717912408759124,0.14486421691325,0.860495436766623,NA
"Cornussangui","country","disk","1000",1.01906090101726,0.880051444343207,0.770127929737947,0.740219621925114,0.46136194098743,0.992199561403509,0.976887280701754,0.632311399072605,0.441329856584094,NA
"Cornussangui","country","random","1000",1.01906090101726,0.880051444343207,0.770127929737947,0.740219621925114,0.46136194098743,0.921393305439331,0.736619246861925,0.212230222093508,0.650586701434159,NA
"Cornussangui","country","random","Npresences",1.01906090101726,0.880051444343207,0.770127929737947,0.740219621925114,0.46136194098743,0.89842,0.69538,0.169992335220858,0.837027379400261,NA
"Cornussangui","pixel","disk","1000",1.01906090101726,0.880051444343207,0.770127929737947,0.740219621925114,0.46136194098743,0.996045754716981,0.976556603773585,0.376445828846788,0.782920469361147,NA
"Cornussangui","pixel","random","1000",1.01906090101726,0.880051444343207,0.770127929737947,0.740219621925114,0.46136194098743,0.90965690376569,0.702384937238494,0.23344364155399,0.51238591916558,NA
"Cornussangui","pixel","random","Npresences",1.01906090101726,0.880051444343207,0.770127929737947,0.740219621925114,0.46136194098743,0.896675585284281,0.675640133779264,0.140212980695426,0.930247718383312,NA
"Crataegusmon","control","disk","1000",2.6506505235258,2.43951967881529,0.418997888258674,1.1577224364644,0.895611209377256,0.998518,0.980505,0.381108170284392,0.515645371577575,0.665812098258473
"Crataegusmon","control","disk","Npresences",2.6506505235258,2.43951967881529,0.418997888258674,1.1577224364644,0.895611209377256,0.976823928571429,0.943667857142857,0.367626324596864,0.739243807040417,0.692597635092361
"Crataegusmon","control","random","1000",2.6506505235258,2.43951967881529,0.418997888258674,1.1577224364644,0.895611209377256,0.933736363636364,0.754559090909091,0.206522356876036,0.664928292046936,0.726886498293761
"Crataegusmon","control","random","Npresences",2.6506505235258,2.43951967881529,0.418997888258674,1.1577224364644,0.895611209377256,0.909621323529412,0.713488970588235,0.139381123521618,0.739243807040417,0.823821858264178
"Crataegusmon","country","disk","1000",2.6506505235258,2.43951967881529,0.418997888258674,1.1577224364644,0.895611209377256,0.9940312,0.9825384,0.450277576057146,0.515645371577575,0.61495572094706
"Crataegusmon","country","random","1000",2.6506505235258,2.43951967881529,0.418997888258674,1.1577224364644,0.895611209377256,0.897413654618474,0.66363453815261,0.196559341612892,0.869621903520209,0.71148697266277
"Crataegusmon","country","random","Npresences",2.6506505235258,2.43951967881529,0.418997888258674,1.1577224364644,0.895611209377256,0.891413284132841,0.659863468634686,0.121225232365836,0.9999,0.836825468992619
"Crataegusmon","pixel","disk","1000",2.6506505235258,2.43951967881529,0.418997888258674,1.1577224364644,0.895611209377256,0.996304205607477,0.978742990654206,0.374498441458616,0.515645371577575,0.685626262373147
"Crataegusmon","pixel","random","1000",2.6506505235258,2.43951967881529,0.418997888258674,1.1577224364644,0.895611209377256,0.902697872340426,0.682051063829787,0.22491858894029,0.54367666232073,0.698087361249171
"Crataegusmon","pixel","random","Npresences",2.6506505235258,2.43951967881529,0.418997888258674,1.1577224364644,0.895611209377256,0.896892592592593,0.668314814814815,0.12048259801173,0.850717079530639,0.84806443115858
"Ficuscarica","control","disk","1000",-0.550558564530883,-0.281822922836407,0.3812470741726,-0.150502651175552,1.43277669674031,0.997067136150235,0.983856807511737,0.0671496167066056,0.652542372881356,0.670316439655871
"Ficuscarica","control","disk","Npresences",-0.550558564530883,-0.281822922836407,0.3812470741726,-0.150502651175552,1.43277669674031,0.967480586080586,0.927622710622711,0.111507892871647,0.589308996088657,0.65859150688533
"Ficuscarica","control","random","1000",-0.550558564530883,-0.281822922836407,0.3812470741726,-0.150502651175552,1.43277669674031,0.926239130434783,0.752930434782609,0.0615539468713221,0.723598435462842,0.711215303748306
"Ficuscarica","control","random","Npresences",-0.550558564530883,-0.281822922836407,0.3812470741726,-0.150502651175552,1.43277669674031,0.92341724137931,0.752827586206897,0.0579476356224966,0.589308996088657,0.731949758751417
"Ficuscarica","country","disk","1000",-0.550558564530883,-0.281822922836407,0.3812470741726,-0.150502651175552,1.43277669674031,0.99481686746988,0.980875502008032,0.0965212899039398,0.620599739243807,0.671957906959468
"Ficuscarica","country","disk","Npresences",-0.550558564530883,-0.281822922836407,0.3812470741726,-0.150502651175552,1.43277669674031,0.957379666666667,0.908803333333333,0.140186360830366,0.597131681877445,0.649481758898873
"Ficuscarica","country","random","1000",-0.550558564530883,-0.281822922836407,0.3812470741726,-0.150502651175552,1.43277669674031,0.882272,0.644984,0.0722174075408797,0.652542372881356,0.730757671539068
"Ficuscarica","country","random","Npresences",-0.550558564530883,-0.281822922836407,0.3812470741726,-0.150502651175552,1.43277669674031,0.880855172413793,0.638531034482759,0.0895218985135336,0.770534550195567,0.747087891837073
"Ficuscarica","pixel","disk","1000",-0.550558564530883,-0.281822922836407,0.3812470741726,-0.150502651175552,1.43277669674031,0.996714090909091,0.980831818181818,0.066253632332303,0.61277705345502,0.683107393767207
"Ficuscarica","pixel","disk","Npresences",-0.550558564530883,-0.281822922836407,0.3812470741726,-0.150502651175552,1.43277669674031,0.963137686567164,0.918477611940299,0.102496388081704,0.589308996088657,0.670468631386624
"Ficuscarica","pixel","random","1000",-0.550558564530883,-0.281822922836407,0.3812470741726,-0.150502651175552,1.43277669674031,0.903166666666667,0.696233333333333,0.0711833156049024,0.58735332464146,0.718739773401697
"Ficuscarica","pixel","random","Npresences",-0.550558564530883,-0.281822922836407,0.3812470741726,-0.150502651175552,1.43277669674031,0.906810035842294,0.701207885304659,0.0583531394565192,0.58148631029987,0.744846964493464
"Hederahelix","control","disk","1000",2.41083846497999,2.35821023877096,0.505528827671879,0.828998911275978,0.232659232158029,0.998273636363636,0.989630909090909,0.30073397881516,0.589960886571056,NA
"Hederahelix","control","disk","Npresences",2.41083846497999,2.35821023877096,0.505528827671879,0.828998911275978,0.232659232158029,0.974568571428571,0.943639285714286,0.306361167877172,0.739243807040417,NA
"Hederahelix","control","random","1000",2.41083846497999,2.35821023877096,0.505528827671879,0.828998911275978,0.232659232158029,0.942077272727273,0.767886363636364,0.15645844742495,0.739243807040417,NA
"Hederahelix","control","random","Npresences",2.41083846497999,2.35821023877096,0.505528827671879,0.828998911275978,0.232659232158029,0.920176923076923,0.729188461538462,0.122577456186097,0.739243807040417,NA
"Hederahelix","country","disk","1000",2.41083846497999,2.35821023877096,0.505528827671879,0.828998911275978,0.232659232158029,0.998094285714286,0.989180952380952,0.425051470516186,0.515645371577575,NA
"Hederahelix","country","random","1000",2.41083846497999,2.35821023877096,0.505528827671879,0.828998911275978,0.232659232158029,0.916407079646018,0.699933628318584,0.160127906001936,0.739243807040417,NA
"Hederahelix","country","random","Npresences",2.41083846497999,2.35821023877096,0.505528827671879,0.828998911275978,0.232659232158029,0.900896907216495,0.679773195876289,0.129107162104635,0.739243807040417,NA
"Hederahelix","pixel","disk","1000",2.41083846497999,2.35821023877096,0.505528827671879,0.828998911275978,0.232659232158029,0.9961068,0.9835672,0.294199591284362,0.515645371577575,NA
"Hederahelix","pixel","random","1000",2.41083846497999,2.35821023877096,0.505528827671879,0.828998911275978,0.232659232158029,0.916091304347826,0.700317391304348,0.183611852971245,0.962842242503259,NA
"Hederahelix","pixel","random","Npresences",2.41083846497999,2.35821023877096,0.505528827671879,0.828998911275978,0.232659232158029,0.911514285714286,0.688810714285714,0.0971297361857054,0.776401564537158,NA
"Ilexaquifoli","control","disk","1000",0.763601219590346,0.871309885386046,0.026039958238833,1.0514019286257,0.191349805375718,0.997000917431193,0.980266055045871,0.0593060108635179,0.658409387222947,NA
"Ilexaquifoli","control","disk","Npresences",0.763601219590346,0.871309885386046,0.026039958238833,1.0514019286257,0.191349805375718,0.959397841726619,0.911497482014389,0.100174743899478,0.612125162972621,NA
"Ilexaquifoli","control","random","1000",0.763601219590346,0.871309885386046,0.026039958238833,1.0514019286257,0.191349805375718,0.949267782426778,0.813548117154812,0.0503344086524905,0.674054758800522,NA
"Ilexaquifoli","control","random","Npresences",0.763601219590346,0.871309885386046,0.026039958238833,1.0514019286257,0.191349805375718,0.930210332103321,0.782450184501845,0.0771081681068975,0.797913950456323,NA
"Ilexaquifoli","country","disk","1000",0.763601219590346,0.871309885386046,0.026039958238833,1.0514019286257,0.191349805375718,0.993786585365854,0.974442682926829,0.0628587557581109,0.627770534550196,NA
"Ilexaquifoli","country","random","1000",0.763601219590346,0.871309885386046,0.026039958238833,1.0514019286257,0.191349805375718,0.933525,0.734305,0.0525310646748402,0.860495436766623,NA
"Ilexaquifoli","country","random","Npresences",0.763601219590346,0.871309885386046,0.026039958238833,1.0514019286257,0.191349805375718,0.897779783393502,0.684808664259928,0.0827223466418142,0.860495436766623,NA
"Ilexaquifoli","pixel","disk","1000",0.763601219590346,0.871309885386046,0.026039958238833,1.0514019286257,0.191349805375718,0.995564255319149,0.976455319148936,0.0478755823435716,0.697522816166884,NA
"Ilexaquifoli","pixel","disk","Npresences",0.763601219590346,0.871309885386046,0.026039958238833,1.0514019286257,0.191349805375718,0.97051037037037,0.931611111111111,0.0745956121316905,0.612125162972621,NA
"Ilexaquifoli","pixel","random","1000",0.763601219590346,0.871309885386046,0.026039958238833,1.0514019286257,0.191349805375718,0.930910569105691,0.763508130081301,0.0596126020292067,0.767275097783572,NA
"Ilexaquifoli","pixel","random","Npresences",0.763601219590346,0.871309885386046,0.026039958238833,1.0514019286257,0.191349805375718,0.92695,0.752239285714286,0.0610036396813455,0.829204693611473,NA
"Juniperuscom","control","disk","1000",1.10801772149564,1.25476195743423,2.4761092028427,2.62191361466972,1.27268480055973,0.9933875,0.97197,0.713243301211667,0.367014341590613,0.362145964809223
"Juniperuscom","control","random","1000",1.10801772149564,1.25476195743423,2.4761092028427,2.62191361466972,1.27268480055973,0.871131004366812,0.627266375545852,0.411992221991166,0.537157757496741,0.478955477386402
"Juniperuscom","control","random","Npresences",1.10801772149564,1.25476195743423,2.4761092028427,2.62191361466972,1.27268480055973,0.851923913043478,0.600460144927536,0.267129257137009,0.850717079530639,0.547530962712784
"Juniperuscom","country","random","1000",1.10801772149564,1.25476195743423,2.4761092028427,2.62191361466972,1.27268480055973,0.855572052401747,0.584554585152838,0.652649084853678,0.423728813559322,0.444354797150319
"Juniperuscom","country","random","Npresences",1.10801772149564,1.25476195743423,2.4761092028427,2.62191361466972,1.27268480055973,0.833047445255474,0.571076642335766,0.600842091395959,0.962842242503259,0.477744076853499
"Juniperuscom","pixel","disk","1000",1.10801772149564,1.25476195743423,2.4761092028427,2.62191361466972,1.27268480055973,0.9656816,0.9229504,0.780712955109871,0.254889178617992,0.316322565347706
"Juniperuscom","pixel","random","1000",1.10801772149564,1.25476195743423,2.4761092028427,2.62191361466972,1.27268480055973,0.850004219409283,0.576607594936709,0.557620684887211,0.499348109517601,0.433289755914111
"Juniperuscom","pixel","random","Npresences",1.10801772149564,1.25476195743423,2.4761092028427,2.62191361466972,1.27268480055973,0.832864285714286,0.563075,0.371785991527371,0.925684485006519,0.559294192648658
"Juniperusoxy","control","disk","1000",-0.303690727814309,-0.589271669362028,-0.283127526674951,-0.821030627975258,-0.272487875968912,0.964263859649123,0.912736842105263,0.0638676432001759,0.658409387222947,0.764251482246779
"Juniperusoxy","control","disk","Npresences",-0.303690727814309,-0.589271669362028,-0.283127526674951,-0.821030627975258,-0.272487875968912,0.977071672354949,0.942873720136519,0.0538882422941207,0.633637548891786,0.820010995371917
"Juniperusoxy","control","random","1000",-0.303690727814309,-0.589271669362028,-0.283127526674951,-0.821030627975258,-0.272487875968912,0.940518656716418,0.816563432835821,0.0516826585460654,0.685788787483703,0.80521518773773
"Juniperusoxy","control","random","Npresences",-0.303690727814309,-0.589271669362028,-0.283127526674951,-0.821030627975258,-0.272487875968912,0.937656666666667,0.81457,0.0507265753353069,0.757496740547588,0.831679106509211
"Juniperusoxy","country","disk","1000",-0.303690727814309,-0.589271669362028,-0.283127526674951,-0.821030627975258,-0.272487875968912,0.9589,0.905845666666667,0.111922052244615,0.674054758800522,0.78289747040084
"Juniperusoxy","country","disk","Npresences",-0.303690727814309,-0.589271669362028,-0.283127526674951,-0.821030627975258,-0.272487875968912,0.968540659340659,0.928834432234432,0.082799538806755,0.647327249022164,0.819580188275153
"Juniperusoxy","country","random","1000",-0.303690727814309,-0.589271669362028,-0.283127526674951,-0.821030627975258,-0.272487875968912,0.888276666666667,0.69462,0.110606682511565,0.771186440677966,0.770960012214187
"Juniperusoxy","country","random","Npresences",-0.303690727814309,-0.589271669362028,-0.283127526674951,-0.821030627975258,-0.272487875968912,0.913225694444444,0.737079861111111,0.0526982417824096,0.761408083441982,0.846879238832589
"Juniperusoxy","pixel","disk","1000",-0.303690727814309,-0.589271669362028,-0.283127526674951,-0.821030627975258,-0.272487875968912,0.957473333333333,0.896143,0.083749525034105,0.626466753585398,0.775487599924821
"Juniperusoxy","pixel","disk","Npresences",-0.303690727814309,-0.589271669362028,-0.283127526674951,-0.821030627975258,-0.272487875968912,0.975630333333333,0.94032,0.0514437330087416,0.558018252933507,0.832838976316048
"Juniperusoxy","pixel","random","1000",-0.303690727814309,-0.589271669362028,-0.283127526674951,-0.821030627975258,-0.272487875968912,0.942452380952381,0.80822619047619,0.0400643122874902,0.6877444589309,0.845397252172236
"Juniperusoxy","pixel","random","Npresences",-0.303690727814309,-0.589271669362028,-0.283127526674951,-0.821030627975258,-0.272487875968912,0.921166666666667,0.774223333333333,0.0578021245809685,0.702737940026076,0.835009742979232
"Juniperuspho","control","disk","1000",-0.639793902568638,-0.731195526293704,-0.792004325846457,-0.952494328070166,-0.469029266369179,0.979120905923345,0.944777003484321,0.0455153965162272,0.636897001303781,0.845292964369549
"Juniperuspho","control","disk","Npresences",-0.639793902568638,-0.731195526293704,-0.792004325846457,-0.952494328070166,-0.469029266369179,0.985236298932384,0.957637010676157,0.0301007526508268,0.608213820078227,0.861472857821064
"Juniperuspho","control","random","1000",-0.639793902568638,-0.731195526293704,-0.792004325846457,-0.952494328070166,-0.469029266369179,0.955611510791367,0.863643884892086,0.0368173419983081,0.757496740547588,0.856324788964529
"Juniperuspho","control","random","Npresences",-0.639793902568638,-0.731195526293704,-0.792004325846457,-0.952494328070166,-0.469029266369179,0.953473867595819,0.859062717770035,0.0315306585721953,0.773142112125163,0.861426020195781
"Juniperuspho","country","disk","1000",-0.639793902568638,-0.731195526293704,-0.792004325846457,-0.952494328070166,-0.469029266369179,0.973408666666667,0.930523333333333,0.059689630882092,0.627770534550196,0.851486585549516
"Juniperuspho","country","disk","Npresences",-0.639793902568638,-0.731195526293704,-0.792004325846457,-0.952494328070166,-0.469029266369179,0.975952684563758,0.932996644295302,0.0578681026514256,0.601043024771838,0.855611570015596
"Juniperuspho","country","random","1000",-0.639793902568638,-0.731195526293704,-0.792004325846457,-0.952494328070166,-0.469029266369179,0.922549645390071,0.77331914893617,0.0893862406326927,0.762059973924381,0.833911149079966
"Juniperuspho","country","random","Npresences",-0.639793902568638,-0.731195526293704,-0.792004325846457,-0.952494328070166,-0.469029266369179,0.935546666666667,0.799783333333333,0.0395503692485577,0.817470664928292,0.877767140152928
"Juniperuspho","pixel","disk","1000",-0.639793902568638,-0.731195526293704,-0.792004325846457,-0.952494328070166,-0.469029266369179,0.982265217391304,0.950214046822742,0.0319833595902827,0.620599739243807,0.861620733830814
"Juniperuspho","pixel","disk","Npresences",-0.639793902568638,-0.731195526293704,-0.792004325846457,-0.952494328070166,-0.469029266369179,0.979340501792115,0.943222222222222,0.0329943700890704,0.597131681877445,0.858733593708485
"Juniperuspho","pixel","random","1000",-0.639793902568638,-0.731195526293704,-0.792004325846457,-0.952494328070166,-0.469029266369179,0.941828571428571,0.824132142857143,0.0367276836797908,0.767275097783572,0.86099293756706
"Juniperuspho","pixel","random","Npresences",-0.639793902568638,-0.731195526293704,-0.792004325846457,-0.952494328070166,-0.469029266369179,0.943606498194946,0.827292418772563,0.0310881917762581,0.77509778357236,0.866564576422806
"Laurusnobili","control","disk","1000",-0.717036105701291,-0.502373749499858,0.107130309445217,-0.113647783728653,-0.453448894330176,0.996597272727273,0.985181363636364,0.0293547431809051,0.461538461538462,0.740554211931367
"Laurusnobili","control","disk","Npresences",-0.717036105701291,-0.502373749499858,0.107130309445217,-0.113647783728653,-0.453448894330176,0.986327037037037,0.964355555555556,0.0401616462726201,0.625814863102999,0.739931700556202
"Laurusnobili","control","random","1000",-0.717036105701291,-0.502373749499858,0.107130309445217,-0.113647783728653,-0.453448894330176,0.945544303797468,0.809793670886076,0.0360626769894402,0.6877444589309,0.771137604792738
"Laurusnobili","control","random","Npresences",-0.717036105701291,-0.502373749499858,0.107130309445217,-0.113647783728653,-0.453448894330176,0.932024822695035,0.792765957446808,0.0534800165925048,0.71251629726206,0.771240816981882
"Laurusnobili","country","disk","1000",-0.717036105701291,-0.502373749499858,0.107130309445217,-0.113647783728653,-0.453448894330176,0.997294583333333,0.985661666666667,0.0382302090285437,0.575619295958279,0.747514528157986
"Laurusnobili","country","disk","Npresences",-0.717036105701291,-0.502373749499858,0.107130309445217,-0.113647783728653,-0.453448894330176,0.982545333333333,0.957595333333333,0.0533081034353235,0.573011734028683,0.743830803606141
"Laurusnobili","country","random","1000",-0.717036105701291,-0.502373749499858,0.107130309445217,-0.113647783728653,-0.453448894330176,0.907588,0.693076,0.0455374436437315,0.69361147327249,0.779145240830847
"Laurusnobili","country","random","Npresences",-0.717036105701291,-0.502373749499858,0.107130309445217,-0.113647783728653,-0.453448894330176,0.898913793103448,0.683355172413793,0.0681763051627296,0.758148631029987,0.777082503444757
"Laurusnobili","pixel","disk","1000",-0.717036105701291,-0.502373749499858,0.107130309445217,-0.113647783728653,-0.453448894330176,0.994672083333333,0.980175,0.0292442897939764,0.513037809647979,0.749189246635814
"Laurusnobili","pixel","disk","Npresences",-0.717036105701291,-0.502373749499858,0.107130309445217,-0.113647783728653,-0.453448894330176,0.983660677966102,0.95853220338983,0.0388167714948606,0.473924380704042,0.750463507937121
"Laurusnobili","pixel","random","1000",-0.717036105701291,-0.502373749499858,0.107130309445217,-0.113647783728653,-0.453448894330176,0.933984,0.772428,0.0402065026505547,0.593220338983051,0.781080564747686
"Laurusnobili","pixel","random","Npresences",-0.717036105701291,-0.502373749499858,0.107130309445217,-0.113647783728653,-0.453448894330176,0.920966666666667,0.75751,0.0367532147978142,0.736636245110821,0.793917799526179
"Morusnigra","control","disk","1000",-0.888581822459675,-0.802328050459245,1.11710009594777,0.138691779052783,0.0546999368501506,0.957454225352113,0.861647887323944,0.194747938729672,0.458930899608866,NA
"Morusnigra","control","disk","Npresences",-0.888581822459675,-0.802328050459245,1.11710009594777,0.138691779052783,0.0546999368501506,0.956625,0.862397727272727,0.233331663921209,0.477183833116036,NA
"Morusnigra","control","random","1000",-0.888581822459675,-0.802328050459245,1.11710009594777,0.138691779052783,0.0546999368501506,0.866326848249027,0.627657976653696,0.116508181389611,0.383963494132986,NA
"Morusnigra","country","disk","1000",-0.888581822459675,-0.802328050459245,1.11710009594777,0.138691779052783,0.0546999368501506,0.970715748031496,0.906818897637795,0.203091061713448,0.580834419817471,NA
"Morusnigra","country","disk","Npresences",-0.888581822459675,-0.802328050459245,1.11710009594777,0.138691779052783,0.0546999368501506,0.96624768683274,0.897747330960854,0.18606267698944,0.644719687092569,NA
"Morusnigra","country","random","1000",-0.888581822459675,-0.802328050459245,1.11710009594777,0.138691779052783,0.0546999368501506,0.821217557251908,0.521648854961832,0.134283228831764,0.40026075619296,NA
"Morusnigra","pixel","disk","1000",-0.888581822459675,-0.802328050459245,1.11710009594777,0.138691779052783,0.0546999368501506,0.948596226415094,0.841411320754717,0.204961964622254,0.305736636245111,NA
"Morusnigra","pixel","disk","Npresences",-0.888581822459675,-0.802328050459245,1.11710009594777,0.138691779052783,0.0546999368501506,0.944537906137184,0.828386281588448,0.22189677153841,0.353976531942634,NA
"Myrtuscommun","control","disk","1000",-0.790623820857934,-0.71804200958562,0.336055851709622,-0.809540993524923,-0.458594705278837,0.964879505300353,0.909618021201413,0.0726852965801367,0.674706649282921,NA
"Myrtuscommun","control","disk","Npresences",-0.790623820857934,-0.71804200958562,0.336055851709622,-0.809540993524923,-0.458594705278837,0.983297986577181,0.956690604026846,0.0366088469406753,0.535202086049544,NA
"Myrtuscommun","control","random","1000",-0.790623820857934,-0.71804200958562,0.336055851709622,-0.809540993524923,-0.458594705278837,0.923607913669065,0.779798561151079,0.0833285065548016,0.761408083441982,NA
"Myrtuscommun","control","random","Npresences",-0.790623820857934,-0.71804200958562,0.336055851709622,-0.809540993524923,-0.458594705278837,0.93763,0.81531,0.0494366822829283,0.790091264667536,NA
"Myrtuscommun","country","disk","1000",-0.790623820857934,-0.71804200958562,0.336055851709622,-0.809540993524923,-0.458594705278837,0.961673214285714,0.910886428571429,0.0754071641732545,0.640808344198175,NA
"Myrtuscommun","country","disk","Npresences",-0.790623820857934,-0.71804200958562,0.336055851709622,-0.809540993524923,-0.458594705278837,0.979863,0.950569333333333,0.066618689213892,0.535853976531943,NA
"Myrtuscommun","country","random","1000",-0.790623820857934,-0.71804200958562,0.336055851709622,-0.809540993524923,-0.458594705278837,0.887096551724138,0.67931724137931,0.075570693978249,0.820730117340287,NA
"Myrtuscommun","country","random","Npresences",-0.790623820857934,-0.71804200958562,0.336055851709622,-0.809540993524923,-0.458594705278837,0.917379310344828,0.740255172413793,0.0405819026289975,0.849413298565841,NA
"Myrtuscommun","pixel","disk","1000",-0.790623820857934,-0.71804200958562,0.336055851709622,-0.809540993524923,-0.458594705278837,0.963601838235294,0.909536397058823,0.0626165639796753,0.692959582790091,NA
"Myrtuscommun","pixel","disk","Npresences",-0.790623820857934,-0.71804200958562,0.336055851709622,-0.809540993524923,-0.458594705278837,0.978449655172414,0.945193103448276,0.0504953799019474,0.548891786179922,NA
"Myrtuscommun","pixel","random","1000",-0.790623820857934,-0.71804200958562,0.336055851709622,-0.809540993524923,-0.458594705278837,0.916036231884058,0.755601449275362,0.0679171833678648,0.750977835723599,NA
"Myrtuscommun","pixel","random","Npresences",-0.790623820857934,-0.71804200958562,0.336055851709622,-0.809540993524923,-0.458594705278837,0.93236,0.788943333333333,0.0327116769208492,0.771186440677966,NA
"Oleaeuropaea","control","disk","1000",0.602364872491767,-0.107415291637272,-1.29419149087999,-0.712380640088655,-0.458880583664874,0.994664,0.9710836,0.028138231678837,0.734680573663624,NA
"Oleaeuropaea","control","disk","Npresences",0.602364872491767,-0.107415291637272,-1.29419149087999,-0.712380640088655,-0.458880583664874,0.977472108843537,0.944204081632653,0.0470269584653893,0.739243807040417,NA
"Oleaeuropaea","control","random","1000",0.602364872491767,-0.107415291637272,-1.29419149087999,-0.712380640088655,-0.458880583664874,0.958848,0.855424,0.0316975634930053,0.698826597131682,NA
"Oleaeuropaea","control","random","Npresences",0.602364872491767,-0.107415291637272,-1.29419149087999,-0.712380640088655,-0.458880583664874,0.936006779661017,0.822,0.0513939772691394,0.690352020860496,NA
"Oleaeuropaea","country","disk","1000",0.602364872491767,-0.107415291637272,-1.29419149087999,-0.712380640088655,-0.458880583664874,0.9969244,0.978336,0.0509985987825631,0.702737940026076,NA
"Oleaeuropaea","country","disk","Npresences",0.602364872491767,-0.107415291637272,-1.29419149087999,-0.712380640088655,-0.458880583664874,0.963999259259259,0.919488518518519,0.094902867433072,0.779661016949153,NA
"Oleaeuropaea","country","random","1000",0.602364872491767,-0.107415291637272,-1.29419149087999,-0.712380640088655,-0.458880583664874,0.923688,0.754496,0.0527583406188656,0.770534550195567,NA
"Oleaeuropaea","country","random","Npresences",0.602364872491767,-0.107415291637272,-1.29419149087999,-0.712380640088655,-0.458880583664874,0.91271237458194,0.736297658862876,0.0603921993452275,0.741851368970013,NA
"Oleaeuropaea","pixel","disk","1000",0.602364872491767,-0.107415291637272,-1.29419149087999,-0.712380640088655,-0.458880583664874,0.993812096774194,0.968762096774194,0.0300809374547489,0.713168187744459,NA
"Oleaeuropaea","pixel","disk","Npresences",0.602364872491767,-0.107415291637272,-1.29419149087999,-0.712380640088655,-0.458880583664874,0.967979180887372,0.925481228668942,0.0622031667296326,0.741851368970013,NA
"Oleaeuropaea","pixel","random","1000",0.602364872491767,-0.107415291637272,-1.29419149087999,-0.712380640088655,-0.458880583664874,0.948632,0.826572,0.0370101590986046,0.68122555410691,NA
"Oleaeuropaea","pixel","random","Npresences",0.602364872491767,-0.107415291637272,-1.29419149087999,-0.712380640088655,-0.458880583664874,0.928512915129151,0.791793357933579,0.0365069402179889,0.691655801825293,NA
"Osyrisalba","control","disk","1000",-0.782563691488213,-0.722712802191264,-0.191017964329379,-0.703035451735932,-1.1405147134116,0.972603191489362,0.935900354609929,0.0410399929449192,0.651238591916558,0.837114652342373
"Osyrisalba","control","disk","Npresences",-0.782563691488213,-0.722712802191264,-0.191017964329379,-0.703035451735932,-1.1405147134116,0.979168,0.948692666666667,0.0448861551660503,0.665580182529335,0.866361814881765
"Osyrisalba","control","random","1000",-0.782563691488213,-0.722712802191264,-0.191017964329379,-0.703035451735932,-1.1405147134116,0.9226875,0.798493402777778,0.0484804357601142,0.689048239895698,0.831746866173237
"Osyrisalba","control","random","Npresences",-0.782563691488213,-0.722712802191264,-0.191017964329379,-0.703035451735932,-1.1405147134116,0.946031034482759,0.847051724137931,0.0394284840177379,0.670143415906128,0.872393706349469
"Osyrisalba","country","disk","1000",-0.782563691488213,-0.722712802191264,-0.191017964329379,-0.703035451735932,-1.1405147134116,0.958576845637584,0.906669798657718,0.101766873129396,0.726205997392438,0.824734869136912
"Osyrisalba","country","disk","Npresences",-0.782563691488213,-0.722712802191264,-0.191017964329379,-0.703035451735932,-1.1405147134116,0.978733666666667,0.947422,0.0838218722747301,0.671447196870926,0.861006097723111
"Osyrisalba","country","random","1000",-0.782563691488213,-0.722712802191264,-0.191017964329379,-0.703035451735932,-1.1405147134116,0.896785234899329,0.720114093959732,0.0840104432615813,0.63754889178618,0.828015538425573
"Osyrisalba","country","random","Npresences",-0.782563691488213,-0.722712802191264,-0.191017964329379,-0.703035451735932,-1.1405147134116,0.92425,0.76982,0.0434234235215087,0.696870925684485,0.897070521293329
"Osyrisalba","pixel","disk","1000",-0.782563691488213,-0.722712802191264,-0.191017964329379,-0.703035451735932,-1.1405147134116,0.965697543859649,0.92054701754386,0.0680487040099642,0.66232073011734,0.840791105084249
"Osyrisalba","pixel","disk","Npresences",-0.782563691488213,-0.722712802191264,-0.191017964329379,-0.703035451735932,-1.1405147134116,0.980099659863946,0.949560204081633,0.0411225744076944,0.634941329856584,0.880383637086378
"Osyrisalba","pixel","random","1000",-0.782563691488213,-0.722712802191264,-0.191017964329379,-0.703035451735932,-1.1405147134116,0.915957446808511,0.776145390070922,0.0667840698888498,0.666883963494133,0.834164040761712
"Osyrisalba","pixel","random","Npresences",-0.782563691488213,-0.722712802191264,-0.191017964329379,-0.703035451735932,-1.1405147134116,0.935143344709898,0.815972696245734,0.0363200023516936,0.649282920469361,0.88776656545547
"Phillyreaang","control","disk","1000",-0.735882460552166,-0.718936166356474,-0.68460657597169,-0.751697432937354,-0.465884604122774,0.972126,0.927116666666667,0.0659701226038038,0.595827900912647,NA
"Phillyreaang","control","disk","Npresences",-0.735882460552166,-0.718936166356474,-0.68460657597169,-0.751697432937354,-0.465884604122774,0.983596206896552,0.950186206896552,0.0403568041790466,0.554758800521512,NA
"Phillyreaang","control","random","1000",-0.735882460552166,-0.718936166356474,-0.68460657597169,-0.751697432937354,-0.465884604122774,0.938803448275862,0.81711724137931,0.0730895483550665,0.655801825293351,NA
"Phillyreaang","control","random","Npresences",-0.735882460552166,-0.718936166356474,-0.68460657597169,-0.751697432937354,-0.465884604122774,0.94949,0.83991,0.0415996089220642,0.664928292046936,NA
"Phillyreaang","country","disk","1000",-0.735882460552166,-0.718936166356474,-0.68460657597169,-0.751697432937354,-0.465884604122774,0.966504198473282,0.901973282442748,0.0916732082217821,0.660365058670143,NA
"Phillyreaang","country","disk","Npresences",-0.735882460552166,-0.718936166356474,-0.68460657597169,-0.751697432937354,-0.465884604122774,0.975386,0.924613333333333,0.0777493856744842,0.727509778357236,NA
"Phillyreaang","country","random","1000",-0.735882460552166,-0.718936166356474,-0.68460657597169,-0.751697432937354,-0.465884604122774,0.907737226277372,0.716343065693431,0.08106135416179,0.745110821382008,NA
"Phillyreaang","country","random","Npresences",-0.735882460552166,-0.718936166356474,-0.68460657597169,-0.751697432937354,-0.465884604122774,0.925403333333333,0.754863333333333,0.0462603716764636,0.791395045632334,NA
"Phillyreaang","pixel","disk","1000",-0.735882460552166,-0.718936166356474,-0.68460657597169,-0.751697432937354,-0.465884604122774,0.973493448275862,0.923837931034483,0.0617967374606282,0.600391134289439,NA
"Phillyreaang","pixel","disk","Npresences",-0.735882460552166,-0.718936166356474,-0.68460657597169,-0.751697432937354,-0.465884604122774,0.979621875,0.940559027777778,0.0463385981510898,0.570404172099087,NA
"Phillyreaang","pixel","random","1000",-0.735882460552166,-0.718936166356474,-0.68460657597169,-0.751697432937354,-0.465884604122774,0.933037162162162,0.795364864864865,0.066208939266424,0.638852672750978,NA
"Phillyreaang","pixel","random","Npresences",-0.735882460552166,-0.718936166356474,-0.68460657597169,-0.751697432937354,-0.465884604122774,0.941447916666667,0.809753472222222,0.0388660917356479,0.624511082138201,NA
"Phillyrealat","control","disk","1000",-0.795080101807894,-0.749349261786167,-0.0404086119579781,-0.604367558536219,-0.477033861178208,0.976505666666667,0.943799,0.0551338233420832,0.582790091264668,NA
"Phillyrealat","control","disk","Npresences",-0.795080101807894,-0.749349261786167,-0.0404086119579781,-0.604367558536219,-0.477033861178208,0.98029,0.950934285714286,0.0467306015218506,0.569752281616688,NA
"Phillyrealat","control","random","1000",-0.795080101807894,-0.749349261786167,-0.0404086119579781,-0.604367558536219,-0.477033861178208,0.94022,0.817484,0.0603324271328827,0.752281616688396,NA
"Phillyrealat","control","random","Npresences",-0.795080101807894,-0.749349261786167,-0.0404086119579781,-0.604367558536219,-0.477033861178208,0.944543333333333,0.825516666666667,0.0416164845011415,0.735332464146023,NA
"Phillyrealat","country","disk","1000",-0.795080101807894,-0.749349261786167,-0.0404086119579781,-0.604367558536219,-0.477033861178208,0.973963448275862,0.935936551724138,0.0723569849110548,0.644719687092569,NA
"Phillyrealat","country","disk","Npresences",-0.795080101807894,-0.749349261786167,-0.0404086119579781,-0.604367558536219,-0.477033861178208,0.973808571428571,0.937556785714286,0.0774062126083439,0.65645371577575,NA
"Phillyrealat","country","random","1000",-0.795080101807894,-0.749349261786167,-0.0404086119579781,-0.604367558536219,-0.477033861178208,0.908286713286713,0.726311188811189,0.075214347072958,0.79400260756193,NA
"Phillyrealat","country","random","Npresences",-0.795080101807894,-0.749349261786167,-0.0404086119579781,-0.604367558536219,-0.477033861178208,0.90894983277592,0.733120401337793,0.0600709645318878,0.826597131681877,NA
"Phillyrealat","pixel","disk","1000",-0.795080101807894,-0.749349261786167,-0.0404086119579781,-0.604367558536219,-0.477033861178208,0.974523333333333,0.939084444444444,0.05426500320636,0.58148631029987,NA
"Phillyrealat","pixel","disk","Npresences",-0.795080101807894,-0.749349261786167,-0.0404086119579781,-0.604367558536219,-0.477033861178208,0.977471478873239,0.943647535211268,0.0475209229961883,0.565840938722295,NA
"Phillyrealat","pixel","random","1000",-0.795080101807894,-0.749349261786167,-0.0404086119579781,-0.604367558536219,-0.477033861178208,0.927114186851211,0.782522491349481,0.0483575706569608,0.719687092568449,NA
"Phillyrealat","pixel","random","Npresences",-0.795080101807894,-0.749349261786167,-0.0404086119579781,-0.604367558536219,-0.477033861178208,0.936706666666667,0.801996666666667,0.0426977736211835,0.692307692307692,NA
"Pistacialent","control","disk","1000",-0.072390334681452,-0.51459781377508,-0.0136298752023701,-0.964478684871813,-0.45216244159301,0.9950032,0.979416,0.020411883891661,0.569752281616688,NA
"Pistacialent","control","disk","Npresences",-0.072390334681452,-0.51459781377508,-0.0136298752023701,-0.964478684871813,-0.45216244159301,0.982434,0.955323333333333,0.0397045358290319,0.624511082138201,NA
"Pistacialent","control","random","1000",-0.072390334681452,-0.51459781377508,-0.0136298752023701,-0.964478684871813,-0.45216244159301,0.968256,0.86254,0.025737979960522,0.70599739243807,NA
"Pistacialent","control","random","Npresences",-0.072390334681452,-0.51459781377508,-0.0136298752023701,-0.964478684871813,-0.45216244159301,0.947934482758621,0.832475862068966,0.0484287747131968,0.78748370273794,NA
"Pistacialent","country","disk","1000",-0.072390334681452,-0.51459781377508,-0.0136298752023701,-0.964478684871813,-0.45216244159301,0.9943972,0.9782116,0.0538350570013511,0.530638852672751,NA
"Pistacialent","country","disk","Npresences",-0.072390334681452,-0.51459781377508,-0.0136298752023701,-0.964478684871813,-0.45216244159301,0.970155333333333,0.9327,0.0747556579461658,0.61277705345502,NA
"Pistacialent","country","random","1000",-0.072390334681452,-0.51459781377508,-0.0136298752023701,-0.964478684871813,-0.45216244159301,0.950016194331984,0.786668016194332,0.0445705818373042,0.790743155149935,NA
"Pistacialent","country","random","Npresences",-0.072390334681452,-0.51459781377508,-0.0136298752023701,-0.964478684871813,-0.45216244159301,0.929663333333333,0.764436666666667,0.0511902726984704,0.84354628422425,NA
"Pistacialent","pixel","disk","1000",-0.072390334681452,-0.51459781377508,-0.0136298752023701,-0.964478684871813,-0.45216244159301,0.995933064516129,0.980592741935484,0.0205717663940807,0.500651890482399,NA
"Pistacialent","pixel","disk","Npresences",-0.072390334681452,-0.51459781377508,-0.0136298752023701,-0.964478684871813,-0.45216244159301,0.978329865771812,0.946936241610738,0.0462445848444235,0.586701434159061,NA
"Pistacialent","pixel","random","1000",-0.072390334681452,-0.51459781377508,-0.0136298752023701,-0.964478684871813,-0.45216244159301,0.963544,0.836844,0.032505304919939,0.699478487614081,NA
"Pistacialent","pixel","random","Npresences",-0.072390334681452,-0.51459781377508,-0.0136298752023701,-0.964478684871813,-0.45216244159301,0.941855172413793,0.806072413793103,0.0392803055459685,0.799217731421121,NA
"Pistaciatere","control","disk","1000",-0.728083968889735,-0.712912373373881,-0.104769827768509,-0.641524323480965,-1.1622843525083,0.972778321678322,0.933086363636364,0.0546512906551753,0.646023468057366,NA
"Pistaciatere","control","disk","Npresences",-0.728083968889735,-0.712912373373881,-0.104769827768509,-0.641524323480965,-1.1622843525083,0.979654333333333,0.947166333333333,0.0463309224844772,0.594524119947849,NA
"Pistaciatere","control","random","1000",-0.728083968889735,-0.712912373373881,-0.104769827768509,-0.641524323480965,-1.1622843525083,0.934704697986577,0.821587248322148,0.0557918620513954,0.723598435462842,NA
"Pistaciatere","control","random","Npresences",-0.728083968889735,-0.712912373373881,-0.104769827768509,-0.641524323480965,-1.1622843525083,0.937351535836177,0.827511945392492,0.0532048902161925,0.709908735332464,NA
"Pistaciatere","country","disk","1000",-0.728083968889735,-0.712912373373881,-0.104769827768509,-0.641524323480965,-1.1622843525083,0.958088333333333,0.904980666666667,0.0911450570340135,0.71903520208605,NA
"Pistaciatere","country","disk","Npresences",-0.728083968889735,-0.712912373373881,-0.104769827768509,-0.641524323480965,-1.1622843525083,0.971485517241379,0.932618620689655,0.0952848543310902,0.685788787483703,NA
"Pistaciatere","country","random","1000",-0.728083968889735,-0.712912373373881,-0.104769827768509,-0.641524323480965,-1.1622843525083,0.887973333333333,0.702596666666667,0.0791625248914791,0.761408083441982,NA
"Pistaciatere","country","random","Npresences",-0.728083968889735,-0.712912373373881,-0.104769827768509,-0.641524323480965,-1.1622843525083,0.913836666666667,0.755263333333333,0.0530991728788758,0.750325945241199,NA
"Pistaciatere","pixel","disk","1000",-0.728083968889735,-0.712912373373881,-0.104769827768509,-0.641524323480965,-1.1622843525083,0.970387671232877,0.927947602739726,0.0601471223871432,0.632985658409387,NA
"Pistaciatere","pixel","disk","Npresences",-0.728083968889735,-0.712912373373881,-0.104769827768509,-0.641524323480965,-1.1622843525083,0.978355363321799,0.944929411764706,0.0467500356564655,0.627770534550196,NA
"Pistaciatere","pixel","random","1000",-0.728083968889735,-0.712912373373881,-0.104769827768509,-0.641524323480965,-1.1622843525083,0.918844827586207,0.778703448275862,0.063768730531842,0.673402868318122,NA
"Pistaciatere","pixel","random","Npresences",-0.728083968889735,-0.712912373373881,-0.104769827768509,-0.641524323480965,-1.1622843525083,0.930907473309609,0.798384341637011,0.0478225603628576,0.675358539765319,NA
"Prunusspinos","control","disk","1000",1.72867722270528,1.74961890399837,0.663346286077195,1.03745036877357,1.16176398677747,0.99471,0.979850909090909,0.478124404591464,0.664928292046936,0.619812129263238
"Prunusspinos","control","disk","Npresences",1.72867722270528,1.74961890399837,0.663346286077195,1.03745036877357,1.16176398677747,0.991339147286822,0.975585271317829,0.458872798417397,0.739243807040417,0.661396224018769
"Prunusspinos","control","random","1000",1.72867722270528,1.74961890399837,0.663346286077195,1.03745036877357,1.16176398677747,0.922971193415638,0.741930452674897,0.234797389620104,0.404172099087353,0.668086764415452
"Prunusspinos","control","random","Npresences",1.72867722270528,1.74961890399837,0.663346286077195,1.03745036877357,1.16176398677747,0.909765342960289,0.716631768953069,0.162317920667358,0.888526727509778,0.788314058484958
"Prunusspinos","country","disk","1000",1.72867722270528,1.74961890399837,0.663346286077195,1.03745036877357,1.16176398677747,0.988708860759494,0.973233755274262,0.606601563222996,0.515645371577575,0.522755173497196
"Prunusspinos","country","random","1000",1.72867722270528,1.74961890399837,0.663346286077195,1.03745036877357,1.16176398677747,0.946835,0.764885,0.197449283441137,0.664928292046936,0.710869712601908
"Prunusspinos","country","random","Npresences",1.72867722270528,1.74961890399837,0.663346286077195,1.03745036877357,1.16176398677747,0.899138686131387,0.694459854014599,0.12908685697239,0.776401564537158,0.838161086990396
"Prunusspinos","pixel","disk","1000",1.72867722270528,1.74961890399837,0.663346286077195,1.03745036877357,1.16176398677747,0.997555,0.98125,0.467678802204059,0.478487614080834,0.639644326145761
"Prunusspinos","pixel","random","1000",1.72867722270528,1.74961890399837,0.663346286077195,1.03745036877357,1.16176398677747,0.921371428571429,0.712004761904762,0.277063964977185,0.423728813559322,0.638646275389971
"Prunusspinos","pixel","random","Npresences",1.72867722270528,1.74961890399837,0.663346286077195,1.03745036877357,1.16176398677747,0.904555133079848,0.680969961977186,0.146095372062969,0.888526727509778,0.814756177417619
"Rhamnusalate","control","disk","1000",-0.673275089175635,-0.613731563133142,-0.385269856877163,-0.756262902195124,-0.474746834089914,0.996944,0.9843348,0.0146494724476231,0.479791395045632,NA
"Rhamnusalate","control","disk","Npresences",-0.673275089175635,-0.613731563133142,-0.385269856877163,-0.756262902195124,-0.474746834089914,0.982189,0.95505,0.0384380508379542,0.545632333767927,NA
"Rhamnusalate","control","random","1000",-0.673275089175635,-0.613731563133142,-0.385269856877163,-0.756262902195124,-0.474746834089914,0.9644,0.86088,0.018106135416179,0.621251629726206,NA
"Rhamnusalate","control","random","Npresences",-0.673275089175635,-0.613731563133142,-0.385269856877163,-0.756262902195124,-0.474746834089914,0.944715789473684,0.825256140350877,0.0431533053815677,0.726857887874837,NA
"Rhamnusalate","country","disk","1000",-0.673275089175635,-0.613731563133142,-0.385269856877163,-0.756262902195124,-0.474746834089914,0.995803930131004,0.982426200873362,0.0492955262295492,0.554106910039113,NA
"Rhamnusalate","country","disk","Npresences",-0.673275089175635,-0.613731563133142,-0.385269856877163,-0.756262902195124,-0.474746834089914,0.977060333333333,0.945773,0.0648264482785276,0.589308996088657,NA
"Rhamnusalate","country","random","1000",-0.673275089175635,-0.613731563133142,-0.385269856877163,-0.756262902195124,-0.474746834089914,0.934709956709957,0.763502164502164,0.0392348503571635,0.717731421121252,NA
"Rhamnusalate","country","random","Npresences",-0.673275089175635,-0.613731563133142,-0.385269856877163,-0.756262902195124,-0.474746834089914,0.911833333333333,0.739583333333333,0.0448155499206848,0.793350717079531,NA
"Rhamnusalate","pixel","disk","1000",-0.673275089175635,-0.613731563133142,-0.385269856877163,-0.756262902195124,-0.474746834089914,0.996734,0.9831756,0.0161234726240001,0.492829204693611,NA
"Rhamnusalate","pixel","disk","Npresences",-0.673275089175635,-0.613731563133142,-0.385269856877163,-0.756262902195124,-0.474746834089914,0.979826333333333,0.950013,0.04186782175469,0.609517601043025,NA
"Rhamnusalate","pixel","random","1000",-0.673275089175635,-0.613731563133142,-0.385269856877163,-0.756262902195124,-0.474746834089914,0.952534412955466,0.824028340080972,0.0226685843131149,0.644067796610169,NA
"Rhamnusalate","pixel","random","Npresences",-0.673275089175635,-0.613731563133142,-0.385269856877163,-0.756262902195124,-0.474746834089914,0.935456666666667,0.795236666666667,0.0413354788908281,0.720338983050847,NA
"Rhamnuslycio","control","disk","1000",-0.801798282937002,-0.733325031234816,-1.1933520738189,-1.21919836857176,-0.298216930712219,0.988699615384615,0.964148461538462,0.0167817290827197,0.831812255541069,NA
"Rhamnuslycio","control","disk","Npresences",-0.801798282937002,-0.733325031234816,-1.1933520738189,-1.21919836857176,-0.298216930712219,0.984557785467128,0.95438339100346,0.0178760287298568,0.788135593220339,NA
"Rhamnuslycio","control","random","1000",-0.801798282937002,-0.733325031234816,-1.1933520738189,-1.21919836857176,-0.298216930712219,0.976020761245675,0.920851211072664,0.0161930435596802,0.708604954367666,NA
"Rhamnuslycio","control","random","Npresences",-0.801798282937002,-0.733325031234816,-1.1933520738189,-1.21919836857176,-0.298216930712219,0.971435251798561,0.908708633093525,0.0219551283796069,0.673402868318122,NA
"Rhamnuslycio","country","disk","1000",-0.801798282937002,-0.733325031234816,-1.1933520738189,-1.21919836857176,-0.298216930712219,0.986224,0.956072363636364,0.0397106872497923,0.822685788787484,NA
"Rhamnuslycio","country","disk","Npresences",-0.801798282937002,-0.733325031234816,-1.1933520738189,-1.21919836857176,-0.298216930712219,0.983542124542125,0.949969963369963,0.069865278441611,0.847457627118644,NA
"Rhamnuslycio","country","random","1000",-0.801798282937002,-0.733325031234816,-1.1933520738189,-1.21919836857176,-0.298216930712219,0.958033582089552,0.852865671641791,0.032947445091765,0.778357235984355,NA
"Rhamnuslycio","country","random","Npresences",-0.801798282937002,-0.733325031234816,-1.1933520738189,-1.21919836857176,-0.298216930712219,0.959823308270677,0.860522556390977,0.0377158849281481,0.792698826597132,NA
"Rhamnuslycio","pixel","disk","1000",-0.801798282937002,-0.733325031234816,-1.1933520738189,-1.21919836857176,-0.298216930712219,0.988219230769231,0.962864230769231,0.0157501957022799,0.800521512385919,NA
"Rhamnuslycio","pixel","disk","Npresences",-0.801798282937002,-0.733325031234816,-1.1933520738189,-1.21919836857176,-0.298216930712219,0.98471690647482,0.951534892086331,0.0220914395086702,0.799217731421121,NA
"Rhamnuslycio","pixel","random","1000",-0.801798282937002,-0.733325031234816,-1.1933520738189,-1.21919836857176,-0.298216930712219,0.971403846153846,0.902061538461538,0.0130748720450044,0.769230769230769,NA
"Rhamnuslycio","pixel","random","Npresences",-0.801798282937002,-0.733325031234816,-1.1933520738189,-1.21919836857176,-0.298216930712219,0.967755555555556,0.89312962962963,0.0226310769776818,0.760104302477184,NA
"Rosacanina","control","disk","1000",0.56484940123689,0.632358253596081,0.534536320239936,1.1448616030561,2.01239512442983,0.995147755102041,0.976428571428571,0.381280791127147,0.48761408083442,0.592766886946297
"Rosacanina","control","disk","Npresences",0.56484940123689,0.632358253596081,0.534536320239936,1.1448616030561,2.01239512442983,0.974150740740741,0.937988888888889,0.398167584298961,0.580834419817471,0.586582811272967
"Rosacanina","control","random","1000",0.56484940123689,0.632358253596081,0.534536320239936,1.1448616030561,2.01239512442983,0.920861924686192,0.730100418410042,0.193921579728401,0.515645371577575,0.621999195731303
"Rosacanina","control","random","Npresences",0.56484940123689,0.632358253596081,0.534536320239936,1.1448616030561,2.01239512442983,0.900496296296296,0.689292962962963,0.142377409805474,0.930247718383312,0.706646176683108
"Rosacanina","country","disk","1000",0.56484940123689,0.632358253596081,0.534536320239936,1.1448616030561,2.01239512442983,0.996700416666667,0.9872325,0.608247585431258,0.324641460234681,0.426347048809361
"Rosacanina","country","random","1000",0.56484940123689,0.632358253596081,0.534536320239936,1.1448616030561,2.01239512442983,0.888233050847458,0.647114406779661,0.219953140327517,0.478487614080834,0.570526328143445
"Rosacanina","country","random","Npresences",0.56484940123689,0.632358253596081,0.534536320239936,1.1448616030561,2.01239512442983,0.862537162162162,0.615908783783784,0.134146754390645,0.860495436766623,0.697589086995213
"Rosacanina","pixel","disk","1000",0.56484940123689,0.632358253596081,0.534536320239936,1.1448616030561,2.01239512442983,0.995665502183406,0.975737991266376,0.385576333687902,0.739243807040417,0.598058124559126
"Rosacanina","pixel","random","1000",0.56484940123689,0.632358253596081,0.534536320239936,1.1448616030561,2.01239512442983,0.901255411255411,0.675550216450216,0.228148520338339,0.559322033898305,0.581227056466175
"Rosacanina","pixel","random","Npresences",0.56484940123689,0.632358253596081,0.534536320239936,1.1448616030561,2.01239512442983,0.887767857142857,0.644053571428571,0.116873074959145,0.860495436766623,0.730276905535614
"Rubiaperegri","control","disk","1000",-0.395407404108292,-0.472231254145555,-0.340718307532561,-0.332887694391255,-0.658852514697582,0.995541949152542,0.982388983050847,0.0133265359226641,0.483702737940026,NA
"Rubiaperegri","control","disk","Npresences",-0.395407404108292,-0.472231254145555,-0.340718307532561,-0.332887694391255,-0.658852514697582,0.979686896551724,0.9519,0.0386835632948534,0.516949152542373,NA
"Rubiaperegri","control","random","1000",-0.395407404108292,-0.472231254145555,-0.340718307532561,-0.332887694391255,-0.658852514697582,0.969205479452055,0.865260273972603,0.0157119806812726,0.458930899608866,NA
"Rubiaperegri","control","random","Npresences",-0.395407404108292,-0.472231254145555,-0.340718307532561,-0.332887694391255,-0.658852514697582,0.942224137931034,0.827844827586207,0.0347694088212462,0.557366362451108,NA
"Rubiaperegri","country","disk","1000",-0.395407404108292,-0.472231254145555,-0.340718307532561,-0.332887694391255,-0.658852514697582,0.997534112149533,0.981943925233645,0.0261569842578066,0.441981747066493,NA
"Rubiaperegri","country","disk","Npresences",-0.395407404108292,-0.472231254145555,-0.340718307532561,-0.332887694391255,-0.658852514697582,0.96715,0.926337593984962,0.0867791814146526,0.633637548891786,NA
"Rubiaperegri","country","random","1000",-0.395407404108292,-0.472231254145555,-0.340718307532561,-0.332887694391255,-0.658852514697582,0.930630705394191,0.758489626556017,0.0273999523128798,0.597131681877445,NA
"Rubiaperegri","country","random","Npresences",-0.395407404108292,-0.472231254145555,-0.340718307532561,-0.332887694391255,-0.658852514697582,0.916284722222222,0.729795138888889,0.0423223192053889,0.724250325945241,NA
"Rubiaperegri","pixel","disk","1000",-0.395407404108292,-0.472231254145555,-0.340718307532561,-0.332887694391255,-0.658852514697582,0.996068918918919,0.98049954954955,0.0139276875992801,0.563885267275098,NA
"Rubiaperegri","pixel","disk","Npresences",-0.395407404108292,-0.472231254145555,-0.340718307532561,-0.332887694391255,-0.658852514697582,0.976387037037037,0.944048148148148,0.048143958488253,0.507822685788788,NA
"Rubiaperegri","pixel","random","1000",-0.395407404108292,-0.472231254145555,-0.340718307532561,-0.332887694391255,-0.658852514697582,0.961368421052632,0.827674641148325,0.0172601245308861,0.559973924380704,NA
"Rubiaperegri","pixel","random","Npresences",-0.395407404108292,-0.472231254145555,-0.340718307532561,-0.332887694391255,-0.658852514697582,0.932131034482759,0.790458620689655,0.0271497038063685,0.591264667535854,NA
"Rubusulmifol","control","disk","1000",-0.43806701028552,-0.443453524388871,-0.254348969749261,-0.0433952621166584,-0.57980714095842,0.998733636363636,0.985840909090909,0.0374888267335303,0.507170795306389,0.821611145152374
"Rubusulmifol","control","disk","Npresences",-0.43806701028552,-0.443453524388871,-0.254348969749261,-0.0433952621166584,-0.57980714095842,0.973656,0.939736666666667,0.0811735495439783,0.509778357235984,0.803211243661231
"Rubusulmifol","control","random","1000",-0.43806701028552,-0.443453524388871,-0.254348969749261,-0.0433952621166584,-0.57980714095842,0.946398340248963,0.801365145228216,0.0373792443442313,0.61277705345502,0.859007452916631
"Rubusulmifol","control","random","Npresences",-0.43806701028552,-0.443453524388871,-0.254348969749261,-0.0433952621166584,-0.57980714095842,0.923982517482517,0.767702797202797,0.07164859165127,0.653194263363755,0.835641771830474
"Rubusulmifol","country","disk","1000",-0.43806701028552,-0.443453524388871,-0.254348969749261,-0.0433952621166584,-0.57980714095842,0.996358130081301,0.986169512195122,0.0578491584529775,0.477183833116036,0.81951088435818
"Rubusulmifol","country","disk","Npresences",-0.43806701028552,-0.443453524388871,-0.254348969749261,-0.0433952621166584,-0.57980714095842,0.977339084507042,0.94782323943662,0.095593405241446,0.575619295958279,0.794351374460227
"Rubusulmifol","country","random","1000",-0.43806701028552,-0.443453524388871,-0.254348969749261,-0.0433952621166584,-0.57980714095842,0.9053,0.671956,0.0482926813335409,0.594524119947849,0.857851582693152
"Rubusulmifol","country","random","Npresences",-0.43806701028552,-0.443453524388871,-0.254348969749261,-0.0433952621166584,-0.57980714095842,0.881946666666667,0.635256666666667,0.0845360903311642,0.781616688396349,0.828491109415347
"Rubusulmifol","pixel","disk","1000",-0.43806701028552,-0.443453524388871,-0.254348969749261,-0.0433952621166584,-0.57980714095842,0.998897142857143,0.98457619047619,0.0365673112412043,0.530638852672751,0.835350581551203
"Rubusulmifol","pixel","disk","Npresences",-0.43806701028552,-0.443453524388871,-0.254348969749261,-0.0433952621166584,-0.57980714095842,0.972873666666667,0.93756,0.07503083875983,0.490221642764016,0.814675864731231
"Rubusulmifol","pixel","random","1000",-0.43806701028552,-0.443453524388871,-0.254348969749261,-0.0433952621166584,-0.57980714095842,0.933902777777778,0.757342592592593,0.0464411036846466,0.717079530638853,0.854219803292126
"Rubusulmifol","pixel","random","Npresences",-0.43806701028552,-0.443453524388871,-0.254348969749261,-0.0433952621166584,-0.57980714095842,0.913549488054607,0.726924914675768,0.0520640466332131,0.71903520208605,0.851794171886177
"Sambucusnigr","control","disk","1000",1.96212979697874,2.14070660426081,0.704322399360135,1.21187895212665,0.56256288964444,0.996825991189427,0.981091629955947,0.396523086336551,0.739243807040417,NA
"Sambucusnigr","control","disk","Npresences",1.96212979697874,2.14070660426081,0.704322399360135,1.21187895212665,0.56256288964444,0.984443529411765,0.958901960784314,0.36684547522175,0.627770534550196,NA
"Sambucusnigr","control","random","1000",1.96212979697874,2.14070660426081,0.704322399360135,1.21187895212665,0.56256288964444,0.933838565022421,0.741784753363229,0.212630608816456,0.589960886571056,NA
"Sambucusnigr","control","random","Npresences",1.96212979697874,2.14070660426081,0.704322399360135,1.21187895212665,0.56256288964444,0.908036666666667,0.710583333333333,0.144544669657818,0.739243807040417,NA
"Sambucusnigr","country","disk","1000",1.96212979697874,2.14070660426081,0.704322399360135,1.21187895212665,0.56256288964444,0.996853333333333,0.981207619047619,0.581242140607325,0.478487614080834,NA
"Sambucusnigr","country","random","1000",1.96212979697874,2.14070660426081,0.704322399360135,1.21187895212665,0.56256288964444,0.902834677419355,0.695443548387097,0.213587073088677,0.54367666232073,NA
"Sambucusnigr","country","random","Npresences",1.96212979697874,2.14070660426081,0.704322399360135,1.21187895212665,0.56256288964444,0.889391304347826,0.673450592885375,0.146634846219925,0.888526727509778,NA
"Sambucusnigr","pixel","disk","1000",1.96212979697874,2.14070660426081,0.704322399360135,1.21187895212665,0.56256288964444,0.995652916666667,0.977549583333333,0.396874316130767,0.515645371577575,NA
"Sambucusnigr","pixel","random","1000",1.96212979697874,2.14070660426081,0.704322399360135,1.21187895212665,0.56256288964444,0.902695121951219,0.689284552845528,0.236891322359489,0.415254237288136,NA
"Sambucusnigr","pixel","random","Npresences",1.96212979697874,2.14070660426081,0.704322399360135,1.21187895212665,0.56256288964444,0.895531135531136,0.666172161172161,0.129245051916902,0.888526727509778,NA
"Smilaxaspera","control","disk","1000",-0.688445856235397,-0.65175675633576,0.0323693554101359,-0.777064613659709,-0.784781943746771,0.966249310344828,0.915786206896552,0.065624009920663,0.645371577574967,NA
"Smilaxaspera","control","disk","Npresences",-0.688445856235397,-0.65175675633576,0.0323693554101359,-0.777064613659709,-0.784781943746771,0.982114532871972,0.952107266435986,0.0329820672475495,0.584093872229465,NA
"Smilaxaspera","control","random","1000",-0.688445856235397,-0.65175675633576,0.0323693554101359,-0.777064613659709,-0.784781943746771,0.929739130434783,0.804602006688963,0.0735513948482668,0.816166883963494,NA
"Smilaxaspera","control","random","Npresences",-0.688445856235397,-0.65175675633576,0.0323693554101359,-0.777064613659709,-0.784781943746771,0.944963333333333,0.8352,0.0470960939022545,0.833116036505867,NA
"Smilaxaspera","country","disk","1000",-0.688445856235397,-0.65175675633576,0.0323693554101359,-0.777064613659709,-0.784781943746771,0.956179285714286,0.898013214285714,0.0778369209362789,0.66232073011734,NA
"Smilaxaspera","country","disk","Npresences",-0.688445856235397,-0.65175675633576,0.0323693554101359,-0.777064613659709,-0.784781943746771,0.973577333333333,0.93783,0.0644056475486316,0.647327249022164,NA
"Smilaxaspera","country","random","1000",-0.688445856235397,-0.65175675633576,0.0323693554101359,-0.777064613659709,-0.784781943746771,0.906841924398625,0.735,0.0542070818639785,0.804432855280313,NA
"Smilaxaspera","country","random","Npresences",-0.688445856235397,-0.65175675633576,0.0323693554101359,-0.777064613659709,-0.784781943746771,0.934939597315436,0.793040268456376,0.0404431962564522,0.813559322033898,NA
"Smilaxaspera","pixel","disk","1000",-0.688445856235397,-0.65175675633576,0.0323693554101359,-0.777064613659709,-0.784781943746771,0.956454545454545,0.896434006734007,0.0713540855776946,0.595827900912647,NA
"Smilaxaspera","pixel","disk","Npresences",-0.688445856235397,-0.65175675633576,0.0323693554101359,-0.777064613659709,-0.784781943746771,0.9764,0.94074,0.0445624706718767,0.586701434159061,NA
"Smilaxaspera","pixel","random","1000",-0.688445856235397,-0.65175675633576,0.0323693554101359,-0.777064613659709,-0.784781943746771,0.917557046979866,0.771506711409396,0.0684592160803583,0.8122555410691,NA
"Smilaxaspera","pixel","random","Npresences",-0.688445856235397,-0.65175675633576,0.0323693554101359,-0.777064613659709,-0.784781943746771,0.937816666666667,0.810826666666667,0.0343523098312769,0.805084745762712,NA
"Solanumnigru","control","disk","1000",-0.00520430342735665,-0.174559405995978,0.906021433686069,1.1132987065876,2.24352779954054,0.991655,0.972975,0.521302424530777,0.434810951760104,NA
"Solanumnigru","control","disk","Npresences",-0.00520430342735665,-0.174559405995978,0.906021433686069,1.1132987065876,2.24352779954054,0.967405925925926,0.925044444444444,0.556991116912923,0.344198174706649,NA
"Solanumnigru","control","random","1000",-0.00520430342735665,-0.174559405995978,0.906021433686069,1.1132987065876,2.24352779954054,0.8949625,0.676854166666667,0.255804001580861,0.608865710560626,NA
"Solanumnigru","control","random","Npresences",-0.00520430342735665,-0.174559405995978,0.906021433686069,1.1132987065876,2.24352779954054,0.887214285714286,0.652910714285714,0.172243755219181,0.880704041720991,NA
"Solanumnigru","country","disk","1000",-0.00520430342735665,-0.174559405995978,0.906021433686069,1.1132987065876,2.24352779954054,0.997583913043478,0.993172173913043,0.9999,0.29400260756193,NA
"Solanumnigru","country","random","1000",-0.00520430342735665,-0.174559405995978,0.906021433686069,1.1132987065876,2.24352779954054,0.874330396475771,0.608400881057269,0.2459501332082,0.662972620599739,NA
"Solanumnigru","country","random","Npresences",-0.00520430342735665,-0.174559405995978,0.906021433686069,1.1132987065876,2.24352779954054,0.855241610738255,0.583144295302013,0.141514577778455,0.978487614080834,NA
"Solanumnigru","pixel","disk","1000",-0.00520430342735665,-0.174559405995978,0.906021433686069,1.1132987065876,2.24352779954054,0.992370588235294,0.972835714285714,0.523058410189801,0.424380704041721,NA
"Solanumnigru","pixel","random","1000",-0.00520430342735665,-0.174559405995978,0.906021433686069,1.1132987065876,2.24352779954054,0.864868852459016,0.610168032786885,0.308971547773676,0.566492829204694,NA
"Solanumnigru","pixel","random","Npresences",-0.00520430342735665,-0.174559405995978,0.906021433686069,1.1132987065876,2.24352779954054,0.863507299270073,0.595204379562044,0.17544358276165,0.880704041720991,NA
"Taxusbaccata","control","disk","1000",-0.386790239619827,-0.0860378856814686,0.733969565046568,1.30418167743626,0.175483554950678,0.996741125541126,0.983851515151515,0.243589729631448,0.5,0.556629294470699
"Taxusbaccata","control","disk","Npresences",-0.386790239619827,-0.0860378856814686,0.733969565046568,1.30418167743626,0.175483554950678,0.962319285714286,0.918524642857143,0.271768517137423,0.447196870925684,0.552020100789193
"Taxusbaccata","control","random","1000",-0.386790239619827,-0.0860378856814686,0.733969565046568,1.30418167743626,0.175483554950678,0.899926530612245,0.695751020408163,0.133689643947056,0.815514993481095,0.652074549292095
"Taxusbaccata","control","random","Npresences",-0.386790239619827,-0.0860378856814686,0.733969565046568,1.30418167743626,0.175483554950678,0.890716262975779,0.678951557093426,0.109878582930406,0.739243807040417,0.682866164125803
"Taxusbaccata","country","disk","1000",-0.386790239619827,-0.0860378856814686,0.733969565046568,1.30418167743626,0.175483554950678,0.996983720930233,0.98942,0.433790189735946,0.438722294654498,0.450729424456506
"Taxusbaccata","country","random","1000",-0.386790239619827,-0.0860378856814686,0.733969565046568,1.30418167743626,0.175483554950678,0.859104545454545,0.601173636363636,0.14770366918639,0.815514993481095,0.649509932463874
"Taxusbaccata","pixel","disk","1000",-0.386790239619827,-0.0860378856814686,0.733969565046568,1.30418167743626,0.175483554950678,0.994779746835443,0.979289873417722,0.237393398055716,0.424380704041721,0.569449088593123
"Taxusbaccata","pixel","disk","Npresences",-0.386790239619827,-0.0860378856814686,0.733969565046568,1.30418167743626,0.175483554950678,0.971295517241379,0.93690275862069,0.240958228042422,0.462842242503259,0.575761229972669
"Taxusbaccata","pixel","random","1000",-0.386790239619827,-0.0860378856814686,0.733969565046568,1.30418167743626,0.175483554950678,0.879320346320346,0.641411255411255,0.146978944721047,0.858539765319426,0.636025387062181
"Vacciniummyr","control","disk","1000",1.26804293920725,1.79269137686804,2.23833597134096,2.64017938715239,1.16247868274256,0.994408,0.97302,0.788356775871624,0.515645371577575,NA
"Vacciniummyr","control","random","1000",1.26804293920725,1.79269137686804,2.23833597134096,2.64017938715239,1.16247868274256,0.901857142857143,0.666609523809524,0.422638480457535,0.627770534550196,NA
"Vacciniummyr","control","random","Npresences",1.26804293920725,1.79269137686804,2.23833597134096,2.64017938715239,1.16247868274256,0.863135135135135,0.6215625,0.266435725274283,0.627770534550196,NA
"Vacciniummyr","country","disk","1000",1.26804293920725,1.79269137686804,2.23833597134096,2.64017938715239,1.16247868274256,0.996743548387097,0.987354435483871,0.807336304161082,0.478487614080834,NA
"Vacciniummyr","country","random","1000",1.26804293920725,1.79269137686804,2.23833597134096,2.64017938715239,1.16247868274256,0.899877828054299,0.679905882352941,0.72169535333652,0.739243807040417,NA
"Vacciniummyr","country","random","Npresences",1.26804293920725,1.79269137686804,2.23833597134096,2.64017938715239,1.16247868274256,0.882755555555556,0.650911111111111,0.682079931452486,0.850717079530639,NA
"Vacciniummyr","pixel","disk","1000",1.26804293920725,1.79269137686804,2.23833597134096,2.64017938715239,1.16247868274256,0.996727391304348,0.982464782608696,0.857101243675741,0.804432855280313,NA
"Vacciniummyr","pixel","random","1000",1.26804293920725,1.79269137686804,2.23833597134096,2.64017938715239,1.16247868274256,0.885097777777778,0.628422222222222,0.566941230523676,0.413298565840939,NA
"Vacciniummyr","pixel","random","Npresences",1.26804293920725,1.79269137686804,2.23833597134096,2.64017938715239,1.16247868274256,0.858378571428571,0.602410714285714,0.383518329600746,0.888526727509778,NA
"Vitisvinifer","control","disk","1000",-0.432408039874633,-0.35359076891808,-0.247124030212232,-0.019245410014656,2.00839282702531,0.991737768240343,0.972892703862661,0.341099819594616,0.533898305084746,NA
"Vitisvinifer","control","disk","Npresences",-0.432408039874633,-0.35359076891808,-0.247124030212232,-0.019245410014656,2.00839282702531,0.976401374570447,0.945587628865979,0.352261327596362,0.496088657105606,NA
"Vitisvinifer","control","random","1000",-0.432408039874633,-0.35359076891808,-0.247124030212232,-0.019245410014656,2.00839282702531,0.898378854625551,0.683388105726872,0.176735108934585,0.717731421121252,NA
"Vitisvinifer","control","random","Npresences",-0.432408039874633,-0.35359076891808,-0.247124030212232,-0.019245410014656,2.00839282702531,0.885953333333333,0.66679,0.133400309421908,0.779009126466754,NA
"Vitisvinifer","country","disk","1000",-0.432408039874633,-0.35359076891808,-0.247124030212232,-0.019245410014656,2.00839282702531,0.9959304,0.9867436,0.737514412288906,0.315514993481095,NA
"Vitisvinifer","country","random","1000",-0.432408039874633,-0.35359076891808,-0.247124030212232,-0.019245410014656,2.00839282702531,0.851948,0.587012,0.203937072598741,0.804432855280313,NA
"Vitisvinifer","country","random","Npresences",-0.432408039874633,-0.35359076891808,-0.247124030212232,-0.019245410014656,2.00839282702531,0.847368421052632,0.571582456140351,0.149035206812943,0.833767926988266,NA
"Vitisvinifer","pixel","disk","1000",-0.432408039874633,-0.35359076891808,-0.247124030212232,-0.019245410014656,2.00839282702531,0.992487553648069,0.973673819742489,0.339904157598311,0.423076923076923,NA
"Vitisvinifer","pixel","random","1000",-0.432408039874633,-0.35359076891808,-0.247124030212232,-0.019245410014656,2.00839282702531,0.859966101694915,0.601076271186441,0.205988598641026,0.641460234680574,NA
